{
    "ARR": -0.0010247639999994007,
    "SR": 0.09346800736666296,
    "CR": 0.09749482556728921,
    "SOR": 1.3172486759834623,
    "DD": 0.014066081282646619,
    "MDD": 0.19004625976846287,
    "VOL": 0.012487561466263866
}