{
    "ARR": 0.2148268099999977,
    "SR": 0.7568537241427854,
    "CR": 0.9290159315997472,
    "SOR": 19.76206149391129,
    "DD": 0.012560850053325608,
    "MDD": 0.2671948701053763,
    "VOL": 0.020660415671066152
}