{
    "ARR": 0.2290352220000016,
    "SR": 1.1109408743520903,
    "CR": 1.3347443929790472,
    "SOR": 20.12957789828514,
    "DD": 0.011283616045089331,
    "MDD": 0.1701707303276391,
    "VOL": 0.012879284940874038
}