{
    "ARR": 0.26969672799999955,
    "SR": 1.129604042005121,
    "CR": 1.6307667874889566,
    "SOR": 22.231043558579344,
    "DD": 0.011982873919875032,
    "MDD": 0.16335370214394326,
    "VOL": 0.014855741416093141
}