{
    "ARR": 0.07713515699999829,
    "SR": 0.3856588163920436,
    "CR": 0.45705096823579583,
    "SOR": 9.733400273145586,
    "DD": 0.014752941863749076,
    "MDD": 0.3141800331822815,
    "VOL": 0.023455229143645846
}