{
    "ARR": 0.05034859888314907,
    "SR": 0.41363314279029895,
    "CR": 0.3167577573272429,
    "SOR": 4.903896934333465,
    "DD": 0.03221894088779462,
    "MDD": 0.4987987248687925,
    "VOL": 0.029274611437127108
}