{
    "ARR": 0.1538446,
    "SR": 0.7732750925285851,
    "CR": 1.5734327677996705,
    "SOR": 14.776513226255483,
    "DD": 0.011235568233638336,
    "MDD": 0.10551612118833846,
    "VOL": 0.01352485807267826
}