{
    "ARR": -0.05517383099999951,
    "SR": -0.04805080484103191,
    "CR": -0.05783450148357124,
    "SOR": -0.9808370221396661,
    "DD": 0.014389378954650927,
    "MDD": 0.24403487956627734,
    "VOL": 0.018502821687305222
}