{
    "ARR": 0.0026302960000006426,
    "SR": 0.1244829447802548,
    "CR": 0.18001436489702,
    "SOR": 2.0431022337751426,
    "DD": 0.013809676889661377,
    "MDD": 0.1567351678690793,
    "VOL": 0.014277872258741551
}