{
    "ARR": -0.04952147000000029,
    "SR": 0.06289527410816395,
    "CR": 0.06596257466625428,
    "SOR": 0.8259212207857712,
    "DD": 0.02928939677403593,
    "MDD": 0.3667342347094025,
    "VOL": 0.024228736541432656
}