{
    "ARR": 0.13329272500000067,
    "SR": 0.6081343501446633,
    "CR": 0.7620795677045782,
    "SOR": 9.564693872234804,
    "DD": 0.016730189911391684,
    "MDD": 0.20997695215579423,
    "VOL": 0.016575710002584815
}