{
    "ARR": 0.38081051200000116,
    "SR": 0.9944790311840812,
    "CR": 0.9097883646526403,
    "SOR": 14.041493052233033,
    "DD": 0.02893345905670127,
    "MDD": 0.4465532645901164,
    "VOL": 0.025734619196719793
}