{
    "ARR": 0.19565721900000144,
    "SR": 0.733756201483223,
    "CR": 0.807667816025552,
    "SOR": 18.56919150867208,
    "DD": 0.012171014507506671,
    "MDD": 0.27982531278374906,
    "VOL": 0.01940294801650576
}