{
    "ARR": 0.10396131300000144,
    "SR": 0.49970186367388475,
    "CR": 0.565365209226734,
    "SOR": 9.567052431528367,
    "DD": 0.014143981426958628,
    "MDD": 0.2393430117275034,
    "VOL": 0.017058411704806365
}