{
    "ARR": 0.31754347099999936,
    "SR": 1.1169266339076411,
    "CR": 1.3575539877481215,
    "SOR": 26.181601477070448,
    "DD": 0.012053662433747423,
    "MDD": 0.2324652934819879,
    "VOL": 0.017798783285952698
}