{
    "ARR": 0.6637559979999987,
    "SR": 2.5699935529939184,
    "CR": 6.275345561520606,
    "SOR": 54.06890763963548,
    "DD": 0.009817977725004276,
    "MDD": 0.08459252572102544,
    "VOL": 0.013011798635867707
}