{
    "ARR": -0.17242716000000025,
    "SR": -0.0043116942825476585,
    "CR": -0.004077064202274948,
    "SOR": -0.10002806496066152,
    "DD": 0.026263233368568298,
    "MDD": 0.6443510043335344,
    "VOL": 0.038381489953921294
}