{
    "ARR": 0.17029403600000115,
    "SR": 0.7402522231934001,
    "CR": 0.8319998434639677,
    "SOR": 14.545516752220664,
    "DD": 0.01305837308611398,
    "MDD": 0.22829425506862408,
    "VOL": 0.016163605291079162
}