{
    "ARR": -0.010017776000000311,
    "SR": 0.19194607451767393,
    "CR": 0.19127772365029633,
    "SOR": 5.188576749170929,
    "DD": 0.01601488987277,
    "MDD": 0.43441799519898594,
    "VOL": 0.02727047462028751
}