{
    "ARR": 0.11529659758731706,
    "SR": 0.5625817922958273,
    "CR": 0.39188748339025137,
    "SOR": 6.743038912805184,
    "DD": 0.028988854956166703,
    "MDD": 0.4987987248687925,
    "VOL": 0.0266290044368042
}