{
    "ARR": 0.3076689620000004,
    "SR": 1.421930466113094,
    "CR": 1.8873497100791343,
    "SOR": 21.86260812955696,
    "DD": 0.01322418900992441,
    "MDD": 0.15318584606296887,
    "VOL": 0.01280832646222995
}