{
    "ARR": 0.03153595600000059,
    "SR": 0.2521395103798649,
    "CR": 0.2239126168659894,
    "SOR": 4.01754284724978,
    "DD": 0.013431126490028545,
    "MDD": 0.24098743034572323,
    "VOL": 0.013481300238008706
}