{
    "ARR": 0.36226799500000006,
    "SR": 1.2826417844724594,
    "CR": 1.717025386676883,
    "SOR": 23.229768473297796,
    "DD": 0.014866100816193797,
    "MDD": 0.20112462095231215,
    "VOL": 0.016960408210019533
}