{
    "ARR": 0.11858117500000098,
    "SR": 0.4832810470071436,
    "CR": 0.4400417188178145,
    "SOR": 11.869315963983494,
    "DD": 0.015467577507754517,
    "MDD": 0.41720945261772374,
    "VOL": 0.02393028979642213
}