{
    "ARR": -0.028958258130584794,
    "SR": 0.21213276170966597,
    "CR": 0.16394546719209116,
    "SOR": 2.518299544938489,
    "DD": 0.03244572231522281,
    "MDD": 0.49838552502272426,
    "VOL": 0.029519633629436694
}