{
    "ARR": 0.502601525999999,
    "SR": 1.8310551152348014,
    "CR": 3.3030111843955683,
    "SOR": 36.057788502895406,
    "DD": 0.012075194211516373,
    "MDD": 0.13182056454038946,
    "VOL": 0.014979300189123702
}