{
    "ARR": -0.31967915499999866,
    "SR": -0.6246923406041558,
    "CR": -0.5368776389303022,
    "SOR": -9.326807101420105,
    "DD": 0.030202486452828442,
    "MDD": 0.5246870882721834,
    "VOL": 0.02840594497536806
}