{
    "ARR": 0.8517856760000018,
    "SR": 1.6923725410086792,
    "CR": 2.776531735276529,
    "SOR": 29.500084033260674,
    "DD": 0.02381031274368616,
    "MDD": 0.2529797221017548,
    "VOL": 0.026145208665805907
}