{
    "ARR": -0.11168399468172407,
    "SR": -0.1496500014073333,
    "CR": -0.12907734233221843,
    "SOR": -2.2596501770415425,
    "DD": 0.021115411146586525,
    "MDD": 0.3696500227970657,
    "VOL": 0.02443531275106839
}