{
    "ARR": -0.384347279000001,
    "SR": -0.8576084014013566,
    "CR": -0.6811238780843771,
    "SOR": -13.653313978908171,
    "DD": 0.028071227462570767,
    "MDD": 0.5626954136415546,
    "VOL": 0.028152060275614565
}