{
    "ARR": 0.18951141900000223,
    "SR": 0.7537750106030996,
    "CR": 0.9565649463559576,
    "SOR": 15.24932831407933,
    "DD": 0.01398926477723869,
    "MDD": 0.22301349456026928,
    "VOL": 0.017828039971133
}