{
    "ARR": 0.1294655519999992,
    "SR": 0.7413309849195511,
    "CR": 0.7815908565481394,
    "SOR": 11.53498955429171,
    "DD": 0.012080291642348593,
    "MDD": 0.17828514335838566,
    "VOL": 0.011840831525760744
}