{
    "ARR": 0.10719655000000028,
    "SR": 0.5316978585574331,
    "CR": 0.581271902522942,
    "SOR": 10.02752126978663,
    "DD": 0.013251586790805008,
    "MDD": 0.22860311641844092,
    "VOL": 0.015743319005131557
}