{
    "ARR": 0.08677120200000177,
    "SR": 0.5238271184759674,
    "CR": 0.5030292381181785,
    "SOR": 8.712556168297716,
    "DD": 0.011736380425076494,
    "MDD": 0.2032762032849588,
    "VOL": 0.012296783331162688
}