{
    "ARR": 0.07546430800000126,
    "SR": 0.48023388952276724,
    "CR": 0.5757559659008609,
    "SOR": 6.727126157865184,
    "DD": 0.013478727324300716,
    "MDD": 0.15748529677180714,
    "VOL": 0.011893930189390755
}