{
    "ARR": -0.256681241,
    "SR": -0.893634854832898,
    "CR": -0.6373525879826557,
    "SOR": -15.248061101221754,
    "DD": 0.016772351372797475,
    "MDD": 0.4012627286147241,
    "VOL": 0.01802802725047785
}