{
    "ARR": 0.388966868000002,
    "SR": 1.3587882803315376,
    "CR": 1.590073195448786,
    "SOR": 26.23825015548925,
    "DD": 0.013895411085701033,
    "MDD": 0.22929213140850357,
    "VOL": 0.01690262689806871
}