{
    "ARR": -0.1322883219999993,
    "SR": -0.2756650532366584,
    "CR": -0.22271593428776362,
    "SOR": -5.536860072261162,
    "DD": 0.01615968390186803,
    "MDD": 0.40174004102018307,
    "VOL": 0.020446285752806433
}