{
    "ARR": 0.5220181502472969,
    "SR": 1.2795208888953002,
    "CR": 0.9974529400914296,
    "SOR": 18.394516747728016,
    "DD": 0.027047639329567327,
    "MDD": 0.4987987248687925,
    "VOL": 0.029800547571346016
}