{
    "ARR": 0.5170759144788517,
    "SR": 1.2478605274368848,
    "CR": 1.0091702448806512,
    "SOR": 19.684230254987494,
    "DD": 0.025676080452150713,
    "MDD": 0.5008212263784001,
    "VOL": 0.031040949139051793
}