{
    "ARR": -0.30420600499999806,
    "SR": -0.5734189249082499,
    "CR": -0.4976250182567545,
    "SOR": -8.507612258948702,
    "DD": 0.03043437313096622,
    "MDD": 0.520319189034087,
    "VOL": 0.028444595138074843
}