{
    "ARR": 0.16346531699999867,
    "SR": 0.7473250107857018,
    "CR": 0.8273105135246772,
    "SOR": 13.068781615316032,
    "DD": 0.013812929590046666,
    "MDD": 0.21819879879318388,
    "VOL": 0.015216371800339289
}