{
    "ARR": -0.23631971999999946,
    "SR": -0.7661143458598791,
    "CR": -0.5660554529394799,
    "SOR": -14.116278137061627,
    "DD": 0.016024269487705137,
    "MDD": 0.39961287159592185,
    "VOL": 0.0185996418529663
}