{
    "ARR": 0.30162996023784056,
    "SR": 0.9226857220046084,
    "CR": 0.7290558784840783,
    "SOR": 13.790415577896251,
    "DD": 0.026476842347377506,
    "MDD": 0.5008212263784001,
    "VOL": 0.030327989310840874
}