{
    "ARR": 0.10826506783737676,
    "SR": 0.5456791943639485,
    "CR": 0.7835423565291827,
    "SOR": 9.244375348298618,
    "DD": 0.01914100246043984,
    "MDD": 0.2258290312100351,
    "VOL": 0.02485185034325177
}