{
    "ARR": -0.024459841701530382,
    "SR": 0.3421282456195448,
    "CR": 0.35933961714356616,
    "SOR": 6.054794890492148,
    "DD": 0.029578155328231787,
    "MDD": 0.49838552502272426,
    "VOL": 0.040117648213379105
}