{
    "ARR": -0.001472003000000499,
    "SR": 0.1401724282057447,
    "CR": 0.17536110586033982,
    "SOR": 2.8453874745813126,
    "DD": 0.014475641928249733,
    "MDD": 0.23487996398682187,
    "VOL": 0.018510424567106755
}