{
    "ARR": 0.05523347200000028,
    "SR": 0.33823322334541944,
    "CR": 0.37548524175463155,
    "SOR": 5.978985067052865,
    "DD": 0.014338999838652883,
    "MDD": 0.22832499490832925,
    "VOL": 0.015967237818192946
}