{
    "ARR": -0.22115711300000052,
    "SR": -0.36418507791932436,
    "CR": -0.2775640701064776,
    "SOR": -5.569543715582494,
    "DD": 0.028096635381698053,
    "MDD": 0.5637813242871063,
    "VOL": 0.027067710018216114
}