{
    "ARR": 0.21075131899999966,
    "SR": 0.9216549467126036,
    "CR": 1.3513183246327591,
    "SOR": 18.208859161026062,
    "DD": 0.012043672881436488,
    "MDD": 0.16228710828674983,
    "VOL": 0.01498901379006912
}