{
    "ARR": 0.17289258700000065,
    "SR": 0.7158529344341384,
    "CR": 0.7937635842771594,
    "SOR": 12.262358531904917,
    "DD": 0.016115821202323345,
    "MDD": 0.24896327008869346,
    "VOL": 0.01739011165911783
}